Негативные последствия;Объекты воздействия;Виды воздействия
П1. Недополучение ожидаемой (прогнозируемой) прибыли;О2, О3, О4, О10, О11, О13, О14, О15;В3, В5, В6
П2. Необходимость дополнительных затрат на выплаты штрафов или компенсаций;О4, О13, О14, О16;В2, В3, В4, В6
П3. Необходимость дополнительных затрат на закупку, замену, настройку, ремонт;О1, О7, О8, О11, О13, О15;В4, В6, В7
П4. Нарушение штатного режима функционирования АСУ и управляемого объекта/процесса;О1, О2, О3, О4, О5, О7, О10, О11, О13, О14, О15, О16;В3, В4, В6
П5. Срыв запланированной сделки с партнером;О4, О5, О14, О16, О17;В2, В3, В4
П6. Необходимость дополнительных затрат на восстановление деятельности;О1, О3, О4, О7, О10, О13, О14, О15;В3, В4, В6, В7
П7. Потеря клиентов, поставщиков;О4, О14, О16, О17;В1, В2, В3, В4
П8. Потеря конкурентного преимущества (и невозможность заключения договоров);О4, О14, О17;В1, В2, В3
П9. Нарушение деловой репутации;О2, О4, О14, О16, О17;В1, В2, В4
П10. Снижение престижа;О4, О14, О16;В1, В2, В3
П11. Утрата доверия;О2, О4, О14, О16, О17;В1, В2, В4, В7
П12. Причинение имущественного ущерба;О1, О8, О11, О13;В6, В7
П13. Неспособность выполнения договорных обязательств;О4, О5, О13, О14, О16, О17;В2, В3, В4, В6
П14. Невозможность или снижение эффективности решения задач;О1, О2, О3, О4, О6, О7, О9, О10, О11, О12, О13, О14, О15, О16;В3, В4, В5, В6
П15. Необходимость изменения (перестроения) внутренних процедур;О2, О4, О6, О9, О12, О16;В4, В6
П16. Простой информационной системы или сети;О1, О3, О4, О5, О7, О9, О10, О11, О12, О13, О14, О15;В3, В6
П17. Утечка конфиденциальной информации (коммерческой тайны и др.);О2, О4, О5, О6, О8, О9, О14, О16, О17;В1, В2, В7
