№ п/п;Виды нарушителя;Категория нарушителя;Возможные цели реализации УБИ/обоснование отсутствия целей реализации УБИ
1                                   ;Специальные службы иностранных государств;Внешний;В связи с особенностями целей и задач, решаемых Системой, а также обрабатываемой информацией, Система не представляет интереса для специальных служб иностранных государств.
2                                   ;Террористические, экстремистские группировки;Внешний;В связи с особенностями целей и задач, решаемых Системой, а также обрабатываемой информацией, Система не представляет интереса для террористических, экстремистских группировок.
3                                   ;Преступные группы (криминальные структуры);Внешний;Получение финансовой или иной материальной выгоды. Желание самореализации (подтверждение статуса)
4                                   ;Отдельные физические лица (хакеры);Внешний;Получение финансовой или иной материальной выгоды. Любопытство или желание самореализации (подтверждение статуса).
5                                   ;Конкурирующие организации;Внешний;Получение конкурентных преимуществ. Получение финансовой или иной материальной выгоды.
6                                   ;Разработчики программных, программно-аппаратных средств;Внутренний;Данные лица не обладают доступом к защищаемой информации, не участвуют в её обработке, не имеют мотивации к нарушению безопасности и действуют в рамках строго регламентированных процедур, контролируемых ООО «Юнитех»
7                                   ;Лица, обеспечивающие поставку программных, программно-аппаратных средств, обеспечивающих систем;Внешний;Получение финансовой или иной материальной выгоды. Непреднамеренные, неосторожные или неквалифицированные действия. Получение конкурентных преимуществ.
8                                   ;Поставщики вычислительных услуг, услуг связи;Внутренний;Получение финансовой или иной материальной выгоды. Непреднамеренные, неосторожные или неквалифицированные действия. Получение конкурентных преимуществ.
9                                   ;Лица, привлекаемые для установки, настройки, испытаний, пусконаладочных и иных видов работ;Внутренний;Данные лица не обладают доступом к защищаемой информации, не участвуют в её обработке, не имеют мотивации к нарушению безопасности и действуют в рамках строго регламентированных процедур, контролируемых ООО «Юнитех»
10                               ;Лица, обеспечивающие функционирование систем и сетей или обеспечивающие Систему оператора (администрация, охрана, уборщики и т.д.);Внутренний;Получение финансовой или иной материальной выгоды. Непреднамеренные, неосторожные или неквалифицированные действия
11                               ;Авторизованные пользователи систем и сетей;Внутренний;Получение финансовой или иной материальной выгоды. Любопытство или желание самореализации (подтверждение статуса). Месть за ранее совершенные действия. Непреднамеренные, неосторожные или неквалифицированные действия
12                               ;Системные администраторы и администраторы безопасности;Внутренний;Получение финансовой или иной материальной выгоды. Любопытство или желание самореализации (подтверждение статуса). Месть за ранее совершенные действия. Непреднамеренные, неосторожные или неквалифицированные действия
13                               ;Бывшие (уволенные) работники (пользователи);Внешний;Получение финансовой или иной материальной выгоды. Месть за ранее совершенные действия
